[
  {
    "nome": "João Silva",
    "especialidade": "Cardiologista"
  },
  {
    "nome": "Maria Santos",
    "especialidade": "Dermatologista"
  },
  {
    "nome": "Pedro Costa",
    "especialidade": "Pediatra"
  },
  {
    "nome": "Ana Rodrigues",
    "especialidade": "Neurologista"
  },
  {
    "nome": "Luís Fernandes",
    "especialidade": "Ortopedista"
  },
  {
    "nome": "Sofia Almeida",
    "especialidade": "Ginecologista"
  },
  {
    "nome": "Miguel Pereira",
    "especialidade": "Gastroenterologista"
  },
  {
    "nome": "Inês Oliveira",
    "especialidade": "Oftalmologista"
  },
  {
    "nome": "Ricardo Marques",
    "especialidade": "Psiquiatra"
  },
  {
    "nome": "Helena Gomes",
    "especialidade": "Urologista"
  },
  {
    "nome": "André Sampaio",
    "especialidade": "Cardiologista"
  },
  {
    "nome": "Marta Teixeira",
    "especialidade": "Dermatologista"
  },
  {
    "nome": "Tiago Pinto",
    "especialidade": "Pediatra"
  },
  {
    "nome": "Clara Sampaio",
    "especialidade": "Neurologista"
  },
  {
    "nome": "Nuno Mendes",
    "especialidade": "Ortopedista"
  },
  {
    "nome": "Joana Freire",
    "especialidade": "Ginecologista"
  },
  {
    "nome": "Vítor Castro",
    "especialidade": "Gastroenterologista"
  },
  {
    "nome": "Beatriz Rocha",
    "especialidade": "Oftalmologista"
  },
  {
    "nome": "Filipe Antunes",
    "especialidade": "Psiquiatra"
  },
  {
    "nome": "Laura Carvalho",
    "especialidade": "Urologista"
  },
  {
    "nome": "Rui Vaz",
    "especialidade": "Cardiologista"
  },
  {
    "nome": "Catarina Sampaio",
    "especialidade": "Dermatologista"
  },
  {
    "nome": "Guilherme Sampaio",
    "especialidade": "Pediatra"
  },
  {
    "nome": "Daniela Neves",
    "especialidade": "Neurologista"
  },
  {
    "nome": "Bernardo Correia",
    "especialidade": "Ortopedista"
  },
  {
    "nome": "Tânia Lima",
    "especialidade": "Ginecologista"
  },
  {
    "nome": "Afonso Soares",
    "especialidade": "Gastroenterologista"
  },
  {
    "nome": "Diana Ribeiro",
    "especialidade": "Oftalmologista"
  },
  {
    "nome": "Sérgio Martins",
    "especialidade": "Psiquiatra"
  },
  {
    "nome": "Sara Lopes",
    "especialidade": "Urologista"
  },
  {
    "nome": "Carlos Monteiro",
    "especialidade": "Cardiologista"
  },
  {
    "nome": "Ana Paula Silva",
    "especialidade": "Dermatologista"
  },
  {
    "nome": "José Santos",
    "especialidade": "Pediatra"
  },
  {
    "nome": "Mariana Costa",
    "especialidade": "Neurologista"
  },
  {
    "nome": "Pedro Rodrigues",
    "especialidade": "Ortopedista"
  },
  {
    "nome": "Sofia Oliveira",
    "especialidade": "Ginecologista"
  },
  {
    "nome": "Miguel Pereira",
    "especialidade": "Gastroenterologista"
  },
  {
    "nome": "Inês Fernandes",
    "especialidade": "Oftalmologista"
  },
  {
    "nome": "Ricardo Sousa",
    "especialidade": "Psiquiatra"
  },
  {
    "nome": "Helena Carvalho",
    "especialidade": "Urologista"
  },
  {
    "nome": "André Pinto",
    "especialidade": "Cardiologista"
  },
  {
    "nome": "Catarina Gomes",
    "especialidade": "Dermatologista"
  },
  {
    "nome": "Bruno Martins",
    "especialidade": "Pediatra"
  },
  {
    "nome": "Joana Teixeira",
    "especialidade": "Neurologista"
  },
  {
    "nome": "Tiago Ferreira",
    "especialidade": "Ortopedista"
  },
  {
    "nome": "Patrícia Lopes",
    "especialidade": "Ginecologista"
  },
  {
    "nome": "Diogo Almeida",
    "especialidade": "Gastroenterologista"
  },
  {
    "nome": "Luana Ribeiro",
    "especialidade": "Oftalmologista"
  },
  {
    "nome": "Rafael Costa",
    "especialidade": "Psiquiatra"
  },
  {
    "nome": "Marta Nunes",
    "especialidade": "Cardiologista"
  },
  {
    "nome": "Vítor Mendes",
    "especialidade": "Dermatologista"
  },
  {
    "nome": "Filipa Dias",
    "especialidade": "Pediatra"
  },
  {
    "nome": "Hugo Barros",
    "especialidade": "Neurologista"
  },
  {
    "nome": "Carolina Pinto",
    "especialidade": "Ortopedista"
  },
  {
    "nome": "Daniel Cardoso",
    "especialidade": "Ginecologista"
  },
  {
    "nome": "Beatriz Moreira",
    "especialidade": "Gastroenterologista"
  },
  {
    "nome": "Francisco Lopes",
    "especialidade": "Oftalmologista"
  },
  {
    "nome": "Isabel Fernandes",
    "especialidade": "Psiquiatra"
  },
  {
    "nome": "Gonçalo Ramos",
    "especialidade": "Urologista"
  },
  {
    "nome": "Rita Barbosa",
    "especialidade": "Cardiologista"
  },
  {
    "nome": "Tomás Carvalho",
    "especialidade": "Dermatologista"
  },
  {
    "nome": "Matilde Silva",
    "especialidade": "Pediatra"
  },
  {
    "nome": "Eduardo Pereira",
    "especialidade": "Neurologista"
  },
  {
    "nome": "Camila Santos",
    "especialidade": "Ortopedista"
  },
  {
    "nome": "Alexandre Costa",
    "especialidade": "Ginecologista"
  },
  {
    "nome": "Lara Oliveira",
    "especialidade": "Gastroenterologista"
  },
  {
    "nome": "Rodrigo Almeida",
    "especialidade": "Oftalmologista"
  },
  {
    "nome": "Teresa Sousa",
    "especialidade": "Psiquiatra"
  },
  {
    "nome": "Lucas Marques",
    "especialidade": "Urologista"
  },
  {
    "nome": "Clara Vieira",
    "especialidade": "Cardiologista"
  },
  {
    "nome": "Gustavo Rocha",
    "especialidade": "Dermatologista"
  },
  {
    "nome": "Luna Ferreira",
    "especialidade": "Pediatra"
  },
  {
    "nome": "Enzo Gonçalves",
    "especialidade": "Neurologista"
  },
  {
    "nome": "Valentina Castro",
    "especialidade": "Ortopedista"
  },
  {
    "nome": "Leonardo Ribeiro",
    "especialidade": "Ginecologista"
  },
  {
    "nome": "Gabriela Torres",
    "especialidade": "Gastroenterologista"
  },
  {
    "nome": "Mateus Lima",
    "especialidade": "Oftalmologista"
  },
  {
    "nome": "Nicole Santos",
    "especialidade": "Psiquiatra"
  },
  {
    "nome": "Thiago Mendes",
    "especialidade": "Urologista"
  },
  {
    "nome": "Amanda Dias",
    "especialidade": "Cardiologista"
  },
  {
    "nome": "Diego Pinto",
    "especialidade": "Dermatologista"
  },
  {
    "nome": "Sabrina Cardoso",
    "especialidade": "Pediatra"
  },
  {
    "nome": "Kaique Moreira",
    "especialidade": "Neurologista"
  },
  {
    "nome": "Laís Lopes",
    "especialidade": "Ortopedista"
  },
  {
    "nome": "Arthur Fernandes",
    "especialidade": "Ginecologista"
  },
  {
    "nome": "Melissa Ramos",
    "especialidade": "Gastroenterologista"
  },
  {
    "nome": "Bernardo Barbosa",
    "especialidade": "Oftalmologista"
  },
  {
    "nome": "Jasmine Carvalho",
    "especialidade": "Psiquiatra"
  },
  {
    "nome": "Davi Silva",
    "especialidade": "Urologista"
  },
  {
    "nome": "Pietra Pereira",
    "especialidade": "Cardiologista"
  },
  {
    "nome": "Heitor Santos",
    "especialidade": "Dermatologista"
  },
  {
    "nome": "Liz Costa",
    "especialidade": "Pediatra"
  },
  {
    "nome": "Benício Oliveira",
    "especialidade": "Neurologista"
  },
  {
    "nome": "Isabella Almeida",
    "especialidade": "Ortopedista"
  }
]